{"Griewank": {"CMA-ES": [0.0, 0.0, 0.0, 0.0, 0.0, 0.0, 0.0, 0.0, 0.0, 0.0, 0.0, 0.0, 0.0, 0.0, 0.0, 0.0, 0.0, 0.0, 0.0, 0.0, 0.0, 0.0, 0.0, 0.0, 0.0, 0.0, 0.0, 0.0, 0.0, 0.0, 0.0, 0.0, 0.0, 0.0, 0.0, 0.0, 0.0, 0.0, 0.0, 0.0, 0.0, 0.0, 0.0, 0.0, 0.0, 0.0, 0.0, 0.0, 0.0, 0.0]}, "Rastrigin": {"CMA-ES": [0.0, 0.0, 0.0, 0.0, 0.0, 0.9949590570932898, 0.0, 0.0, 0.9949590570932898, 0.0, 0.0, 1.9899181141865832, 0.0, 0.0, 0.0, 0.0, 0.0, 0.0, 0.0, 0.0, 0.0, 0.0, 0.9949590570932898, 0.0, 0.0, 0.0, 0.0, 1.9899181141865796, 0.0, 0.0, 0.9949590570932934, 0.0, 0.0, 0.0, 0.0, 0.9949590570932898, 0.0, 0.0, 0.0, 0.0, 0.9949590570932934, 0.9949590570932898, 0.0, 0.0, 0.0, 0.0, 0.0, 0.0, 1.9899181141865832, 0.0]}, "Rosenbrock": {"CMA-ES": [1.0545269869478167e-05, 0.00031099293515795976, 1.1805847988137189e-14, NaN, 0.0021513793988127312, 0.0, 0.03335613562195293, 0.024370889465527325, 2.055968734232262e-29, 0.02877125812678946, 1.3538825285855615e-28, 2.7083715137135343e-23, 0.12000629267553053, 4.979684464207637e-30, 1.3579500926281074e-28, 7.875395632047666e-27, 0.002840119071779788, 1.2345673166708835e-28, 1.543682462381737e-26, 2.6853523842090354e-18, 0.05100410839456284, NaN, NaN, 7.582925451436976e-28, 0.006575016884940254, 1.8294132577349715e-09, 0.012016896557906337, 5.191690832485784e-29, 1.288308465839065e-28, 2.3472063196785443e-27, 2.0969508572111435e-17, 9.754906042543303e-27, 1.0505097729215626e-08, 1.524720218372487e-29, 6.162975822039155e-32, 2.990626682244093e-05, 1.361757579090963e-26, 0.0005437524388186053, 4.563715164666342e-07, 2.7480417363378774e-07, 2.0480074020653518e-26, 0.006966660977327878, 0.02474445155638875, 3.773343576801693e-28, 3.1892289478008457e-10, 3.113779936279107e-06, NaN, 0.06989928577617638, 0.0012267397030869998, 7.170006071360353e-29]}, "Schwefel": {"CMA-ES": [1245.112795124147, 1245.112795124147, 1245.112795124147, 1245.112795124147, 1245.112795124147, 1245.112795124147, 1245.112795124147, 1245.112795124147, 1245.112795124147, 1245.112795124147, 1245.112795124147, 1245.112795124147, 1245.112795124147, 1245.112795124147, 1245.112795124147, 1245.112795124147, 1245.112795124147, 1245.112795124147, 1245.112795124147, 1245.112795124147, 1245.112795124147, 1245.112795124147, 1245.112795124147, 1245.112795124147, 1245.112795124147, 1245.112795124147, 1245.112795124147, 1245.112795124147, 1245.112795124147, 1245.112795124147, 1245.112795124147, 1245.112795124147, 1245.112795124147, 1245.112795124147, 1245.112795124147, 1245.112795124147, 1245.112795124147, 1245.112795124147, 1245.112795124147, 1245.112795124147, 1245.112795124147, 1245.112795124147, 1245.112795124147, 1245.112795124147, 1245.112795124147, 1245.112795124147, 1245.112795124147, 1245.112795124147, 1245.112795124147, 1245.112795124147]}, "Ackley": {"CMA-ES": [4.440892098500626e-16, 4.440892098500626e-16, 4.440892098500626e-16, 4.440892098500626e-16, 4.440892098500626e-16, 4.440892098500626e-16, 4.440892098500626e-16, 4.440892098500626e-16, 4.440892098500626e-16, 4.440892098500626e-16, 4.440892098500626e-16, 4.440892098500626e-16, 4.440892098500626e-16, 4.440892098500626e-16, 4.440892098500626e-16, 4.440892098500626e-16, 4.440892098500626e-16, 4.440892098500626e-16, 4.440892098500626e-16, 4.440892098500626e-16, 4.440892098500626e-16, 4.440892098500626e-16, 4.440892098500626e-16, 4.440892098500626e-16, 4.440892098500626e-16, 4.440892098500626e-16, 4.440892098500626e-16, 4.440892098500626e-16, 4.440892098500626e-16, 4.440892098500626e-16, 4.440892098500626e-16, 4.440892098500626e-16, 4.440892098500626e-16, 4.440892098500626e-16, 4.440892098500626e-16, 4.440892098500626e-16, 4.440892098500626e-16, 4.440892098500626e-16, 4.440892098500626e-16, 4.440892098500626e-16, 4.440892098500626e-16, 4.440892098500626e-16, 4.440892098500626e-16, 4.440892098500626e-16, 4.440892098500626e-16, 4.440892098500626e-16, 4.440892098500626e-16, 4.440892098500626e-16, 4.440892098500626e-16, 4.440892098500626e-16]}}