{"Griewank": {"CMA-ES": [0.0018351861648528978, 7.583027417790156e-05, NaN, 0.0004245713023983688, 8.369457360490884e-08, NaN, NaN, 3.069354026052906e-06, 2.2547121422133998e-06, 1.191380303300349e-07, NaN, NaN, 1.7929056292720347e-05, 6.297388940978976e-06, 7.57513322272585e-05, NaN, 0.0032142408608792916, 1.4099534296763139e-06, 2.0659800303857168e-07, 0.0026036219090641577, NaN, 4.150571297112382e-05, 7.38835325131415e-05, 0.0004063003263142795, 3.685522280472142e-06, NaN, 2.100172173946646e-07, NaN, 0.0028414281050133106, NaN, 0.00045955201448932836, 1.4876245085004847e-05, 3.2724920535631696e-05, 3.4504508361621333e-07, 0.0003707337848631864, 6.709856054110119e-07, 0.0005572665584013814, 0.0006214271382543046, NaN, 7.294220883569125e-05, 0.0021649806995498455, 3.741922358524441e-06, 4.2689445228005773e-05, 2.2212285007983112e-06, 0.0005645843144770346, NaN, 1.5798659302457274e-05, 0.0013788773825385015, 0.00017947379501648264, 7.751948529421959e-05]}, "Rastrigin": {"CMA-ES": [6.892730345189506, 4.231336494638526, 12.686758341124289, 14.976718372150444, NaN, 12.820170805914827, 6.033070723466182, NaN, 20.20999903486448, 15.192604906888235, 15.174126986899012, NaN, 15.127346138806033, NaN, 4.1985850283950015, 13.443939215867175, 8.485478660625404, 8.944741415006007, 4.142869002364364, NaN, NaN, 14.944659722788941, 12.00159601921763, NaN, 15.303865025588891, 23.00931004759046, 4.0614359179035375, NaN, 4.373782257785706, 15.972566441335701, 17.15272213497491, NaN, NaN, 7.416205123975303, 12.943555995818116, 15.976526696368438, NaN, 9.451415157607258, 17.78342804285184, 13.690471245307165, 11.422581713107832, 17.541672773699446, NaN, 11.717422050785842, 5.743678668352857, 4.639738627034475, 9.916953197368485, 4.528335343993319, 5.584769953058739, NaN]}, "Rosenbrock": {"CMA-ES": [NaN, NaN, 8.459900344754944, 11.834953633018, 8.477680981988275, 8.419796698071696, NaN, 7.325657267855754, NaN, 9.0748063676156, 7.486003324167739, 8.665325389240465, NaN, 8.810677044928811, 9.107351905763203, NaN, NaN, NaN, NaN, 8.195846247602203, NaN, NaN, NaN, NaN, 5.627656823031038, 7.6574241356841775, 10.01220956598711, 9.087736554240387, 7.432184659786944, 7.676152629550902, 9.572716682004458, 8.812874120806077, NaN, 12.357393821540587, 8.697928248417528, 8.602851311293161, NaN, 8.271756542068239, 7.896204708398599, 8.942142434064854, NaN, 9.145125477078679, 7.169887554444757, NaN, 6.71973888192496, NaN, NaN, NaN, 8.445434160967508, NaN]}, "Schwefel": {"CMA-ES": [NaN, NaN, NaN, NaN, 4150.4488485565225, NaN, 4150.63057455133, 4150.563291150436, NaN, NaN, NaN, 4150.4569193865445, NaN, NaN, NaN, NaN, NaN, NaN, 4150.577145477234, NaN, 4150.404022968001, 4150.499310896137, 4150.477997801332, 4150.483377588199, NaN, NaN, NaN, 4150.799318426104, NaN, NaN, NaN, NaN, NaN, 4150.567297890806, 4150.7915014982345, NaN, 4150.686506438216, NaN, 4151.049377535824, 4150.892692094225, NaN, 4150.393196341649, NaN, 4150.4060768401305, 4150.376400416717, NaN, 4150.723450485394, 4150.9130683275835, 4150.40626186971, NaN]}, "Ackley": {"CMA-ES": [NaN, 0.03789459905550574, 0.007016047748603871, 0.04207298137391691, NaN, NaN, 0.018698649701040626, NaN, 0.02026489281252397, 0.13218472661309066, NaN, 0.0037131523251017207, 0.04300658835863702, 0.06557064767005061, 0.025831278399703894, 0.00839117711687054, 0.0937564775926778, 0.029549585018564972, 0.08283753562552976, 0.010029180233882773, 0.003551379451576242, 0.05770477636661342, 0.07490593664875123, NaN, 0.05192952447879806, 0.013057306242004518, 0.00047243787464568143, 0.012697282085433859, 0.02796935541932699, NaN, 0.8686315137147678, 0.2928408117102177, 0.26601663347312554, 0.015335832915380099, 0.01031675105041474, 0.021202148975735913, NaN, 0.2179928305982064, NaN, 0.021463363921086387, 0.005179059347139248, NaN, 0.09226011892910124, 0.0007579164618367606, 0.029772801477438993, 0.04455878628187948, NaN, 0.020651950908920913, NaN, NaN]}}