{"Rastrigin": {"BBPSO": [0.9949590570932898, 0.0, 0.0, 0.0, 0.0, 0.0, 0.0, 0.0, 0.0, 0.0, 0.0, 0.0, 0.0, 0.0, 0.0, 0.9949590570932898, 0.0, 0.0, 0.0, 0.9949590570932898, 4.973799150320701e-14, 0.0, 0.9949590570932898, 0.0, 0.9949590570932898, 0.0, 0.0, 0.9949590570932898, 0.0, 0.0], "PSO": [3.0156854791130172e-09, 7.59333573796539e-09, 3.8027998527923046e-08, 8.211600288632326e-08, 1.4514967006107327e-10, 3.0811975193500984e-09, 5.919176260249515e-11, 3.3896746742811956e-08, 4.361929484275606e-09, 1.0924914306542632e-08, 3.4198031073628954e-09, 1.2347939559731458e-08, 1.4948753346288868e-10, 5.673847169873625e-09, 7.257135337113141e-08, 4.1389114358025836e-12, 1.5999290781110176e-10, 1.6847820916154888e-09, 3.990763275396603e-11, 1.0835705666067952e-08, 1.3552707400776853e-08, 2.4020607725105947e-10, 1.5510437378907227e-10, 4.077001847235806e-09, 1.2564527196445852e-09, 3.0887790103406587e-09, 8.985253430182638e-09, 2.637783325099008e-10, 2.871409776616929e-10, 4.1181877463714045e-08], "GA": [0.0, 0.0, 0.0, 0.0, 0.0, 0.0, 0.0, 0.6562648121071462, 0.0, 1.3450470171096107, 0.0, 0.0, 0.0, 0.0, 0.0, 0.0, 0.0, 0.0, 0.0, 0.0, 0.9959326735974798, 0.0, 0.0, 0.0, 1.9900397868121935, 0.0, 0.0, 0.0, 0.0, 0.0], "CMA-ES": [0.0, 0.9949590570932898, 0.0, 0.9949590570932898, 0.0, 0.0, 0.0, 0.9949590570932898, 0.9949590570932898, 0.0, 0.0, 0.0, 0.0, 0.9949590570932898, 0.0, 0.0, 0.0, 0.0, 0.9949590570932898, 0.9949590570932898, 0.0, 0.0, 0.9949590570932898, 0.0, 0.0, 0.9949590570932898, 0.0, 0.9949590570932898, 0.9949590570932898, 0.9949590570932898]}, "Griewank": {"BBPSO": [2.508186214278396e-09, 1.683425365772706e-08, 0.019719489248184896, 0.007396040334115117, 1.396660564978447e-13, 0.00739604033411545, 0.007396040334115672, 0.007396040334115117, 0.007396040334115117, 0.04683501858793293, 1.3399968468164047e-08, 0.007396040334115006, 0.009864672061046464, 2.6645352591003757e-15, 9.958700530887654e-14, 0.019719489248290145, 0.007396040334115006, 6.772360450213455e-15, 0.007396040334115672, 0.00739604033411656, 0.009864672061006496, 0.009864672061006274, 0.027125384398278496, 0.019719489248184896, 0.0073960403341172265, 0.009864672061006274, 0.007396040334149201, 0.02712538439542378, 0.0073960403657672424, 1.1102230246251565e-16], "PSO": [0.0077145461967979, 0.0032070881939101348, 0.007396059068745742, 0.007831241013918189, 0.007396050703312174, 0.007396649174175818, 0.007398687962109074, 0.007528887365052306, 0.007404708610049382, 0.0009734081843835174, 0.0073960441249608655, 0.007396265729380125, 0.0003571802501434185, 2.309520278531707e-05, 0.00739709276841527, 1.2866247594001123e-06, 7.4712847371039e-06, 3.0147915511924417e-05, 0.00750004838717977, 6.377427619330689e-08, 0.007402337231862566, 2.29093562198468e-06, 0.0073960428283985635, 5.45728709679949e-05, 9.397221949480894e-07, 0.0018232760563953176, 0.0003197435150255057, 0.00023043364079822215, 3.1107648290618073e-07, 2.623815227631443e-05], "GA": [0.16994279404141588, 0.0029431588140721443, 0.42434310891515914, 1.3257968192181835e-06, 0.0, 0.02713416091607035, 0.0, 0.765352072349897, 0.9346634883324729, 0.19865282124363492, 0.0, 0.0, 0.18904034092107014, 0.12685086212290164, 0.0, 0.05101233674605965, 0.6422765950559526, 0.14544680044323677, 0.0, 1.5718887342677643, 6.140368141138719e-05, 0.5775299496002856, 0.7592796129519453, 0.2916674783928499, 0.07408547312717317, 0.0886862719588557, 0.0450052999269257, 0.23351034135873205, 0.0, 0.0010401998183975358], "CMA-ES": [0.0, 0.0, 0.0, 0.0, 0.0, 0.0, 0.0, 0.0, 0.0, 0.0, 0.0, 0.0, 0.0, 0.0, 0.0, 0.0, 0.0, 0.0, 0.0, 0.0, 0.0, 0.0, 0.0, 0.0, 0.0, 0.0, 0.0, 0.0, 0.0, 0.0]}, "Langermann": {"BBPSO": [-5.162126159963984, -5.162126159963983, -5.162126159963984, -5.162126159963983, -5.162126159963983, -3.000037600554545, -5.162126159963983, -5.162126159963983, -5.162126159963983, -5.162126159963983, -3.000037600554545, -5.162126159963983, -3.000037600554545, -5.162126159963983, -5.162126159963983, -5.162126159963983, -5.162126159963983, -5.162126159963983, -5.162126159963983, -5.162126159963983, -5.162126159963983, -3.000037600554545, -3.000037600554545, -5.162126159963983, -5.162126159963983, -5.162126159963983, -3.000037600554545, -3.000037600554545, -5.162126159963983, -5.162126159963983], "PSO": [-5.162126159930583, -3.000037600552958, -5.16212615995311, -5.162126159950453, -5.162126159807466, -3.0000376005455345, -5.162126159961885, -5.16212615995929, -5.162110341102262, -3.00003760055448, -5.162126159963691, -3.0000376005538514, -5.162126159656434, -5.162126159963944, -3.000037600554401, -5.162126159832774, -3.0000376005509843, -5.162126159963812, -3.0000376005536555, -5.162126159906161, -5.162126159957577, -5.162126129099544, -3.0000376005535703, -3.000037600547269, -5.162126159930906, -3.0000376005539504, -5.162126159926705, -5.162126159862128, -5.162126159923685, -5.162126159963842], "GA": [-3.3681257253917263, -3.3095386091750063, -3.8819411742301577, -5.013923273297882, -2.962284153243523, -2.591902022694261, -4.998594916387097, -3.6041828508478884, -4.90598133253373, -2.82905128576216, -3.2325078888975405, -2.147162910280342, -1.9250940522356073, -4.545017475611872, -2.6356104242367664, -4.698102560447498, -2.9438848566495937, -4.897461698293343, -5.131667078366449, -3.2468292211366556, -5.079847737528855, -3.920764694570573, -2.289743854016234, -2.661065754051977, -4.134857715104041, -2.8903185477667814, -2.8366497589816846, -2.9184545729402687, -2.7759557860086472, -3.4067647843066786], "CMA-ES": [1.5304778757847316e-11, -5.162126159963982, 0.07696953319325374, -0.0, -5.162126159963982, -0.00010104826239045229, -5.162126159963982, -0.6716691438134323, -0.2093170646664046, -2.740776723235733, -1.284151571832885e-06, -0.07497004019743429, -1.4093443968515533, -1.4138560020644475, -2.4211241568667683, -5.162126159963982, -5.162126159963983, -5.162126159963982, 0.07870207245218869, -6.403420144679198e-09, -5.162126159963982, -2.168003998672314, -5.162126159963981, -0.5654334756741213, -2.674677348802036, -0.4378439568132146, -2.9522230337386386, -1.419290558796634, -2.4211241568667683, -5.162126159963775]}, "Schwefel": {"BBPSO": [2.5455132458773733e-05, 2.5455132345086895e-05, 2.5455132345086895e-05, 118.43836006957031, 2.5455132458773733e-05, 2.5455132345086895e-05, 2.5455132345086895e-05, 2.5455132458773733e-05, 118.43836006957031, 2.5455132458773733e-05, 2.5455132458773733e-05, 118.43836006957031, 2.5455132345086895e-05, 118.43836006957031, 2.5455132458773733e-05, 2.5455132345086895e-05, 2.5455132345086895e-05, 2.545513257246057e-05, 118.43836006957031, 2.5455132345086895e-05, 2.5455132458773733e-05, 2.5455132345086895e-05, 2.5455132345086895e-05, 2.5455132458773733e-05, 2.5455132345086895e-05, 118.43836006957031, 2.5455132345086895e-05, 2.5455132458773733e-05, 2.545513257246057e-05, 2.5455132345086895e-05], "PSO": [2.5456055368522357e-05, 118.43836006969377, 2.5456433832005132e-05, 118.43836007055052, 2.5455275135755073e-05, 2.545518805163738e-05, 118.43836007326047, 118.43836006984543, 118.43836007181812, 2.545583311075461e-05, 118.43836007012078, 118.43844342593411, 2.5455242052885296e-05, 118.43836007016444, 236.87669468452793, 2.547198812408169e-05, 118.43836006957122, 118.43836007064465, 236.87669468597437, 2.5455237619098625e-05, 118.43836006973152, 2.545517406815634e-05, 118.43836006959964, 118.43836007157927, 118.43836007079608, 118.4383600720023, 118.4383600710953, 2.545655013364012e-05, 2.5456076969021524e-05, 118.43836006974334],