{"Rastrigin": {"PSO": [18.139187734778105, 15.074511457557094, 12.348656917630464, 9.086118375802798, 8.088068301485919, 21.69549873850498, 37.2331764267224, 12.52136282591269, 18.378983348266047, 13.491089550841252, 5.032034156048752, 18.741445129277906, 15.236602688482435, 9.29244773772794, 3.298958691034983, 4.398086655110319, 8.400945926383358, 10.828948880572, 10.81464183936167, 4.996069002463287, 12.340215599519382, 4.511987024960931, 22.297064870482714, 8.377963484096284, 20.75137560093995, 41.299630664425486, 30.574362862967263, 9.186496739490849, 15.92657597705282, 11.609423422802166, 11.945779261231237, 15.648670891930067, 10.878384296259526, 5.808271524368436, 6.249039809037427, 10.521986399152127, 5.815211362681495, 42.05966248988631, 4.026604002832116, 13.295178756060096, 13.235342224364246, 14.469361443313957, 11.088277130542608, 5.921698831112806, 10.824648740376034, 3.1430531278406733, 6.619796036900766, 18.25778511369549, 5.058189089452171, 5.15242665135095], "GA": [0.0, 0.0, 0.0, 0.0, 0.0, 5.485168230734416e-07, 0.0, 0.0, 0.0, 0.0, 0.0, 0.0, 0.0, 0.0, 0.0, 0.0, 0.0, 0.0, 0.0, 0.0, 0.0, 0.0, 0.0, 0.0, 0.0, 0.0, 0.0, 0.0, 0.0, 0.0, 0.0, 0.0, 0.0, 0.0, 0.0, 0.0, 0.0, 0.0, 0.0, 0.0, 0.0, 0.0, 0.0, 0.0, 0.0, 0.0, 0.0, 0.0, 0.0, 0.0], "BBPSO": [4.152094124677419, 6.021955427421233, 10.99476363657051, 6.0315714018942685, 5.992334673928696, 5.000831348327964, 11.009765242671051, 16.74918191905742, 12.99674966444465, 4.310489740432061, 19.900856391557923, 9.32428778377259, 9.778715560702281, 11.96538971523448, 8.049484932401313, 18.941687455666028, 14.48726095761161, 12.017529888997089, 6.188447944527638, 17.95701935108677, 12.986597939524415, 8.964886814096673, 31.942379522303952, 27.927192658374224, 3.9916568738340743, 40.799153177283834, 15.116637796464559, 10.018373756060583, 12.098078657292021, 14.055016839006754, 35.83689334802294, 15.927250859224515, 13.963006873177392, 20.001508815892166, 23.93313727905283, 8.988432340806412, 11.08070855455982, 13.041486009053045, 6.970978969356452, 7.488960643248191, 9.960053713107158, 2.9898179892696817, 15.172255156216721, 3.981763441958492, 13.740119468047368, 20.988824292602075, 6.461980194549923, 30.91934710561253, 7.961574598387543, 8.964709678819247]}, "Schwefel": {"PSO": [833.6196950525218, 595.2281822917844, 356.83331259591387, 475.8488369087513, 950.5419107066555, 592.3561315362281, 593.7122938725256, 476.7876663659904, 475.2977014801836, 690.9189307748093, 1190.9846782198001, 473.77739491627517, 473.7590962495651, 832.1033924609569, 713.665539422343, 475.2708503347526, 596.8838597630465, 710.6424805149372, 832.1059474626431, 811.5291045730173, 833.6197172875827, 236.8787072780342, 593.8180172198859, 832.1031443899146, 833.6197235602822, 356.8327976661949, 476.78777606239555, 713.729181180779, 356.8351907501751, 952.0580839790819, 236.89464543226586, 712.2124811419908, 476.78809460874436, 832.1455742756816, 475.2720446838307, 710.6393796666716, 362.46671357445985, 355.65117892919034, 595.3495046522212, 953.5753320595459, 595.2260302184541, 475.30298686971946, 356.83244103661673, 710.6465603732267, 600.5193017217662, 812.3660528007963, 715.182165675179, 713.6766341582511, 476.7878738592308, 953.5769222936665], "GA": [2380.660050907165, 2699.353568659355, 2672.378227137071, 2498.1331227660285, 2414.805872056576, 2525.2612564015326, 2414.8351378581715, 1854.1383586523511, 2219.041402559662, 1966.3181927753294, 2369.8924841372877, 2243.6545593001265, 2109.219958895719, 2195.7309308144463, 1937.0846751614517, 2436.07318924612, 2324.5763818871046, 1081.1741552739718, 2267.7177826436146, 1940.6651542131972, 2490.6818017426835, 2301.1204154825364, 2337.7150350206, 2115.5824839034176, 2199.6152432278927, 2617.985394670621, 1937.4471816623686, 1764.5032885751593, 2426.1477210542116, 2394.401391903486, 2304.336006803842, 1627.0360522273022, 2509.4021410314913, 2305.4182217826647, 2009.1291111913115, 1704.5833954966515, 2585.4546619234006, 2629.0155900146056, 2395.2324513690264, 2375.261261195348, 1950.750736557888, 1747.6398375688195, 2342.6136121380755, 2837.488663956611, 2431.8372418623053, 1730.3460241627863, 2654.02911634371, 2496.31800960725, 2243.834387375349, 1856.5973943878685], "BBPSO": [713.6890712720633, 952.0580409143176, 475.28287870309987, 118.48399963882366, 118.46257988109619, 1070.496370931849, 1188.9347005616155, 593.7117880802016, 595.226686846383, 833.6198072028783, 476.7879256775386, 713.6648473989267, 236.99694027903797, 833.6196543027645, 1070.4964909340142, 715.1814886982456, 593.7328689001852, 833.6215459390542, 713.6695566956005, 952.0583899935027, 833.6196705430052, 238.4961832102622, 595.2548266554959, 1070.496521530757, 715.1817179923428, 356.84012728989455, 832.1044739072458, 952.0584749199893, 832.2067960824388, 1072.013383914245, 475.2732432496482, 832.1045355678443, 833.6202644041678, 830.5881203702879, 593.7909061398295, 810.8495840180494, 355.6964676720322, 715.181837683077, 830.591848964471, 475.2766816192566, 832.1027608076306, 712.153448116535, 1188.9400996177988, 832.1076849368483, 952.058168023038, 712.1496444290983, 475.4043643146151, 930.804513898066, 713.6645400244715, 952.058165123371]}, "Griewank": {"PSO": [0.14834483217273886, 0.4570843805481053, 0.11182889150454267, 0.3605178418877948, 0.2258189846368377, 0.4650007644226749, 0.22212922585194328, 0.32362467454438815, 0.33706748930366137, 0.4880908711336802, 0.22123229692364765, 0.4502697868678327, 0.18222150558791872, 0.32746176950375705, 0.12559795134150575, 0.35090555013680547, 0.17863053630590486, 0.5194571860006526, 0.3389643680496124, 0.1564126722449497, 0.3013114987648803, 0.209891476572164, 0.35692070450673685, 0.5037983671084567, 0.09677608026642492, 0.2246376427505714, 0.42416369001101617, 0.4610608101339869, 0.09444627561839447, 0.15611410499006695, 0.27469408519593985, 0.0997311935371672, 0.22896528315221432, 0.36269629665281333, 0.44712485782339084, 0.22280486463505134, 0.24131339733614365, 0.3183930322152442, 0.25959756356282715, 0.35285051942752255, 0.7104883975322969, 0.20314140442491913, 0.44606157945763014, 0.4374296588177704, 0.36058262208602354, 0.5879936871650766, 0.2899445693918511, 0.2856990768512806, 0.31165004314189915, 0.2670368744577757], "GA": [0.0, 3.5729383040081513, 11.770273518945295, 0.0, 2.8849608025606757, 0.0, 0.0, 10.287814531696439, 10.865496258222148, 1.073064816067898, 7.15980144731579, 1.017965662808609, 0.0, 26.096170825775186, 23.554007217251137, 0.0, 0.0, 0.0, 0.0, 0.0, 7.016937075340405, 3.9475035253595636, 0.0, 0.0, 14.277437013598492, 8.509198842172427, 0.0, 0.0, 9.341159706710382, 0.0, 0.0, 0.0, 19.235875564805507, 1.4704948570422216, 1.7077115837962236, 4.894572626472279, 17.741259137108486, 0.0, 0.0, 0.0, 8.139689176345595, 4.669855504970763, 25.817299717083557, 0.0, 0.0, 0.0, 17.095059246018234, 24.669467555290023, 6.079474156064254, 0.0], "BBPSO": [0.09303132363773292, 0.34751095265623744, 0.2574101866621247, 0.2383921914239131, 0.08809647244164787, 0.11991830086440103, 0.16274015351571158, 0.21066586730855708, 0.2804355443687375, 0.2654131936716032, 0.20517264307580818, 0.09068064288249478, 0.3295236180399713, 0.18772468357963334, 0.38359378622916895, 0.2964096512484018, 0.16816331701207465, 0.2627717631407215, 0.28468554253925915, 0.4076533671542544, 0.12736609367059426, 0.21444570627144133, 0.35021502877780153, 0.48020045509502085, 0.1534019419336765, 0.31155019660738736, 0.07202195635006914, 0.13283089394979752, 0.3619478092048891, 0.16338636350880809, 0.11664698140865726, 0.11546717872333334, 0.12456673918761585, 0.10121050917137664, 0.11854638098174242, 0.19378098039838698, 0.1883818481811672, 0.24936988159729234, 0.25532669083540405, 0.5541548880209713, 0.25654781321784026, 0.2554157742230634, 0.10119102704951555, 0.26519179051386543, 0.1493753896238481, 0.25861588683516723, 0.12287425478430192, 0.2622775037451053, 0.11725452259433744, 0.19318612019974557]},