{"Rastrigin": {"PSO": [85.55604785700093, 84.40413035767581, 53.45249934236978, 43.38687393373772, 64.87845715161919, 90.74530874869329, 109.61401619744792, 56.214570417081234, 73.33229433406032, 61.05211826084988, 68.64674266379703, 111.16457646360635, 134.21388042513246, 70.59802505333127, 49.8642561151882, 87.73120835051391, 40.29769167459938, 63.29914317137997, 85.62160068266222, 63.742728142976915, 68.30129063229566, 104.15622785383418, 70.95812999631056, 92.15970344938056, 60.21911081548532, 104.40053322207233, 134.77806932762275, 56.65596180682104, 54.15896521537218, 52.967193507866426, 111.74625834508119, 128.72932365638596, 77.56404290642858, 101.26596425960183, 87.74589834984062, 47.35840008369385, 95.5774327092609, 119.48264942248187, 45.121080973702874, 48.62936761842522, 92.04222923799206, 66.48176458133307, 153.0340446308732, 69.99240864529509, 91.02880226142726, 88.45125600790999, 78.66775124448274, 75.82197892376828, 94.80446205890861, 102.87868800380349], "GA": [0.0, 0.0, 0.0, 0.0, 0.0, 0.0, 0.0, 144.66781646342938, 0.0, 0.0, 0.0, 0.0, 0.0, 0.0, 0.0, 0.0, 0.0, 0.0, 0.0, 0.0, 0.0, 0.0, 0.0, 0.0, 0.0, 0.0, 0.0, 0.0, 0.0, 0.0, 0.0, 0.0, 0.0, 0.0, 0.0, 0.0, 0.0, 0.0, 0.0, 0.0, 0.0, 0.0, 0.0, 0.0, 0.0, 0.0, 0.0, 0.0, 0.0, 0.0], "BBPSO": [67.08759723508587, 42.61692647022272, 87.28833618548497, 61.773142315379175, 45.1179172823299, 52.59305571110815, 82.56486290083808, 93.21716832828656, 57.86026735933311, 94.95674313170102, 42.99626623975189, 83.80231176810115, 56.62800722805156, 99.81470258357147, 101.42023742935547, 75.26770763870661, 93.62585685955695, 61.37353046442462, 46.82551071281347, 75.93151873675616, 82.08684276019397, 70.018816775246, 87.43371075431668, 59.157946802584604, 128.09861093325753, 39.79313678614935, 68.73124186568643, 127.89476658669268, 109.19249260763408, 90.48700860155216, 34.77059869086193, 149.88251237310843, 41.32807097262071, 57.830687919776324, 98.84658076700882, 93.12414865370883, 42.812508267334806, 52.02071434468917, 88.3073388199612, 76.46752357620333, 92.74997844368977, 86.18561366018258, 51.95334920565148, 52.24681112743099, 104.86973186108378, 100.36784062879187, 55.21256570668913, 57.23014016773209, 88.790769171563, 64.44807310234197]}, "Schwefel": {"PSO": [2627.0281325852848, 2197.985683558555, 1189.6108944369762, 1671.4131908223626, 2244.8961376994175, 2262.8918766773477, 1733.957420735518, 1672.6874468538053, 2502.228755222178, 2861.3220342710492, 2003.9440025226613, 1935.9509811524376, 2016.785255474946, 2024.3625599554543, 1786.1667158481177, 2130.107991756212, 1323.356789866758, 1295.8138315287242, 1788.2629761768521, 2175.947320967588, 2420.784659285532, 1070.8602933972043, 1520.1486793534423, 864.7446072665707, 1799.224859449675, 1944.0457843603508, 1428.9693893139056, 1669.4275902314812, 2390.8382069253867, 1314.4976689453142, 2502.382426643944, 1647.229565549973, 1904.1892945853479, 2135.4395232635634, 2263.8398611992434, 1830.5995089175194, 1307.6877938932967, 1547.984879366977, 2266.9418978420517, 2382.4803768908287, 1686.0868810805769, 1759.006750733337, 1546.6656296912633, 2153.3562003674433, 1506.5571991383304, 2620.8540057741056, 2388.7900759637605, 1846.6981741077316, 2506.7271878719293, 1074.286181631901], "GA": [6492.572553518958, 6395.917455067453, 5467.50343188718, 5349.888113160861, 4865.501446149555, 6064.081349887778, 5960.4720261455695, 5601.50654333997, 5470.436036354888, 5279.367593807381, 5832.117951975636, 5962.786404475008, 5259.540347837475, 5464.25147793607, 5349.734132758819, 5477.013750437198, 6486.143049197133, 5611.670205184046, 5528.062779567084, 5728.971636964977, 4928.6629317440475, 5338.258858275882, 5152.122778815237, 5725.973677441605, 5321.117466095165, 6153.0959929815635, 6137.540100342469, 5912.6155707040925, 5735.488087654597, 5807.816521826098, 6322.227912837892, 6630.864762197426, 6294.127699044735, 5442.351543098479, 6011.133353846158, 5730.380959422124, 5650.735665426537, 5995.952677797336, 5488.131696889375, 5298.421436449297, 5265.971526237664, 4621.595971336539, 6351.536550595235, 5549.497235127485, 5486.0704469124, 6058.829058806494, 5233.243053163908, 6167.366129670296, 5737.691028418908, 5892.031926880083], "BBPSO": [2381.34608920357, 2502.7331679392655, 2245.366629227544, 1803.7071388100603, 2025.981399188553, 1911.6970272025937, 2036.257343232678, 2382.7109996066647, 1563.001150655783, 2744.680800839301, 1730.7182438029695, 1786.9046653005062, 1687.1046828382578, 1907.1472434286488, 1315.2852543149002, 2149.0582820369136, 2028.626821793233, 1670.2063053409565, 1687.004285511478, 2135.300401572633, 1908.780023163763, 2387.4642486773155, 1695.9792768733123, 2005.2463305170913, 1915.8517873284509, 2030.454896347831, 2213.309208415042, 1770.2347327013795, 1684.3258223160974, 2267.8144137550753, 2387.037541269794, 1452.3587750976803, 1786.997494220749, 2503.8843828287527, 2153.062434803389, 1552.6895817257046, 2500.4642136707707, 2007.6328771154458, 2323.830251911467, 2617.968130823082, 2269.4865926427947, 1534.156949482668, 2501.3231819053735, 2127.359897031877, 2858.9809386098186, 2363.627055210818, 1697.335256676206, 1891.1073000921006, 1544.028210710353, 1929.560284727304]}, "Griewank": {"PSO": [1.0484360749646569, 1.0384056489587792, 0.9796392846179801, 1.0206697898555905, 1.0397429549478516, 0.8353148224772186, 1.0365113823396195, 1.0328501374063528, 0.8371467040695374, 0.8549347594740434, 0.989428501985484, 1.0815883468079748, 1.0356568478764823, 1.0391216602630946, 1.009962986729664, 0.9691363023123759, 0.9490571154492738, 1.0243528733575946, 0.9802148723515642, 1.0560611143633634, 1.0389412429939706, 0.8656373978824234, 0.9806809595718761, 1.0182764479903368, 1.0391567636798134, 1.0902143240033544, 0.896039649489456, 0.9722458582031768, 0.9484681426070691, 1.0246854475323697, 1.04872564468631, 0.9498412341206893, 0.9755306641974075, 0.9838703771776532, 1.0354176411068634, 1.0227375073536213, 1.0434622842013068, 1.0163029520854387, 1.0468548511774804, 1.0118793856678012, 0.9929307097165413, 1.0842930715713417, 0.9554252801029183, 1.015598590440231, 1.0332805399180331, 1.0375703556380953, 0.9769283849469846, 1.0832532754528046, 0.8343093322530692, 1.0220219326071036], "GA": [8.38992989373059, 5.336328354486495, 0.0, 1.166863871801047, 1.031142772939756, 33.748911581371196, 16.692509912623038, 0.0, 42.41964461914533, 1.5144274550831653, 1.6652961624198843, 0.0, 0.0, 0.0, 49.058390392689425, 59.83787435512122, 0.0, 21.600367853450848, 2.1028651295738485, 1.2500208259622063, 1.0733205122996563, 2.077469629207603, 1.0971373960902395, 30.367812133554718, 0.0, 0.0, 0.0, 12.94638697209818, 44.49548819037406, 25.12039694027081, 63.28503384571984, 1.0429293221602183, 34.397133295957445, 1.4739690277389974, 3.0193666848595617, 0.0, 0.0, 0.0, 0.9978870492624229, 12.288083494241654, 0.0, 4.4337941626468975, 0.0, 14.179451291912988, 53.082917814032385, 0.0, 1.242852514667943, 6.629607151804844, 1.1609845440407527, 8.520977773848864], "BBPSO": [2.088611072668006, 1.4773689143378452, 1.9484356615000964, 1.5114976624659748, 3.4568788908552355, 1.943736737603703, 1.439991371845681, 2.7150123214817308, 1.8432937532409766, 1.3840507364837986, 2.2717098395461246, 1.7014751754832171, 1.5509499028336702, 1.3123959379012555, 1.3219709619066422, 1.452550342450921, 2.2948157911575677, 1.4623014800722784, 1.6215539149275324, 3.2405154842227253, 2.5109984818139037, 1.7347907324514953, 1.4912932604072155, 1.733592751279096, 1.406677134793312, 1.2822288445113503, 1.5522898519712318, 1.7604628891386804, 1.5971498499339987, 2.0952951637689763, 2.2008334645336767, 1.4053744401912809, 1.8549480452793552, 1.896961514817377, 1.3824909131047876, 1.6118393482617561, 1.246262191956223, 1.8923339223159976, 1.7017605935887228, 1.2395612474674063, 1.6579929381396206, 2.5917021400554825, 2.048958036020768, 1.4290792109770176, 1.500776947379025, 1.6139255211530386, 1.7453901370178104, 1.409822429088487, 1.3773522961580476, 1.8166033084538826]},