{"Rastrigin": {"PSO": [4.035882739117369e-12, 7.36527283606847e-10, 2.1962875962344697e-11, 1.1654179843390011e-09, 6.77779610214202e-10, 9.29176735553483e-11, 5.5209170568559784e-12, 7.043240657367278e-09, 1.5824248578155675e-09, 2.152653166831442e-09, 8.378790994356677e-10, 5.7543918074998146e-08, 5.742712971823494e-10, 5.849614126418601e-10, 1.7422507880837657e-10, 4.021671884402167e-12, 7.966249881974363e-11, 2.590148540093651e-09, 1.1301182212264393e-10, 2.2723654069523036e-09, 5.394298341343529e-10, 3.4035920748465287e-09, 2.0106227793803555e-10, 1.7278409814025508e-09, 5.763922672485933e-11, 2.5796964564506197e-10, 1.986819597732392e-09, 8.88034179524766e-09, 2.7181812356502633e-10, 7.617018127348274e-12, 5.600426788987534e-10, 6.296602350630565e-09, 2.2879476091475226e-12, 9.137579581874888e-12, 7.140954494389007e-13, 3.006306315000984e-11, 3.0235725034799543e-10, 3.107558654846798e-10, 1.6143175685101596e-09, 4.39541736341198e-10, 2.4023449896048987e-11, 2.346673966258095e-10, 1.7337242752546445e-11, 2.4641622076160274e-11, 4.985132306956075e-10, 2.4864732495188946e-10, 7.007727731433988e-11, 4.2867043248406844e-11, 5.667430968969711e-10, 3.0046720667087357e-10], "GA": [0.0, 0.0, 0.0, 0.0, 0.0, 0.0, 0.0, 0.0, 0.0, 0.0, 0.0, 0.0, 0.0, 0.0, 0.0, 0.0, 0.0, 0.0, 0.0, 0.0, 0.0, 0.0, 0.0, 0.0, 0.0, 0.0, 0.0, 0.0, 0.0, 0.0, 0.0, 0.0, 0.0, 0.0, 0.0, 0.0, 0.0, 0.0, 0.0, 0.0, 0.0, 0.0, 0.0, 0.0, 0.0, 0.0, 0.0, 0.0, 0.0, 0.0], "BBPSO": [0.0, 0.0, 0.0, 0.0, 0.0, 0.0, 0.0, 0.0, 0.9949590570932898, 0.0, 0.0, 0.0, 0.0, 0.0, 0.0, 0.0, 0.0, 0.0, 0.0, 0.0, 0.0, 0.0, 0.0, 0.0, 0.0, 0.0, 0.0, 0.0, 0.0, 0.0, 0.0, 0.0, 3.197442310920451e-14, 0.0, 0.0, 0.0, 0.0, 0.0, 0.0, 0.0, 0.0, 0.0, 0.0, 0.0, 0.0, 0.0, 0.0, 0.0, 0.0, 0.0]}, "Schwefel": {"PSO": [2.5455645413785533e-05, 118.4383600701808, 118.43836006969616, 2.5455749664615723e-05, 2.5455147351749474e-05, 2.5455219656578265e-05, 118.43836006967047, 2.5457198717049323e-05, 2.5455624836467905e-05, 2.54554684033792e-05, 118.43836006982906, 2.5455575951127685e-05, 118.43836006996753, 118.43836006970207, 2.5455139848418185e-05, 118.43836007151936, 2.5455226591475366e-05, 2.545516451846197e-05, 2.5455356308157207e-05, 2.5455155878262303e-05, 0.011113895644712102, 2.545771724271617e-05, 2.545523545904871e-05, 2.5455135073571e-05, 2.5455380978200992e-05, 2.545513552831835e-05, 2.5455134732510487e-05, 118.43836006958998, 118.43836006980519, 2.54552248861728e-05, 2.5455137347307755e-05, 2.5455557874920487e-05, 2.545525092045864e-05, 2.545519191698986e-05, 118.43836006988715, 2.5455325385337346e-05, 2.5455183390477032e-05, 2.5455186346334813e-05, 2.5455137347307755e-05, 2.545520248986577e-05, 2.5455246600358805e-05, 118.43836006958168, 2.545516906593548e-05, 118.43836006958031, 2.545530924180639e-05, 2.545525228470069e-05, 2.5455148943365202e-05, 2.5455365516791062e-05, 118.43836007151367, 2.545561164879473e-05], "GA": [6.660394147630768, 156.4380826263813, 68.37402617810017, 118.50806023534756, 122.26915818674956, 0.4636712935355263, 6.178777561180141, 127.02394119156861, 23.96847369501802, 118.43962666191692, 86.41530435997754, 130.97276091980098, 4.502134437527388, 118.43836074899207, 12.714522138924963, 13.913569623774833, 0.0032331059401258244, 164.91942527483707, 0.13053705004404037, 142.69985489052476, 10.341072572305848, 120.07764978667126, 23.465715036806273, 18.07508927338631, 297.610257335027, 167.0067429371677, 56.79459243501083, 0.9463871865444844, 0.2383125031807367, 42.61051251104709, 132.38096297201173, 20.979651655159387, 76.22696804414113, 125.07106228607745, 38.62050366388121, 133.11110648805447, 14.900356826283087, 318.093414009551, 4.980591484127217e-05, 125.45479047516324, 88.728195754132, 171.19632065389078, 0.17347269191895975, 118.4383766162623, 200.2770968130992, 118.43836045427634, 97.38134497518558, 0.21904756851654383, 25.404702728466873, 0.0001355533795504016], "BBPSO": [2.5455132458773733e-05, 118.43836006957031, 2.5455132345086895e-05, 2.5455132345086895e-05, 2.5455132345086895e-05, 118.43836006957031, 2.5455132345086895e-05, 2.5455132345086895e-05, 2.5455132345086895e-05, 2.5455132345086895e-05, 2.5455132345086895e-05, 2.5455132345086895e-05, 2.5455132345086895e-05, 118.43836006957031, 2.5455132345086895e-05, 118.43836006957031, 2.5455132345086895e-05, 2.5455132345086895e-05, 2.5455132345086895e-05, 2.5455132345086895e-05, 2.5455132345086895e-05, 2.5455132345086895e-05, 2.5455132345086895e-05, 2.5455132345086895e-05, 2.5455132345086895e-05, 2.5455132345086895e-05, 2.5455132345086895e-05, 2.5455132345086895e-05, 2.5455132345086895e-05, 2.5455132345086895e-05, 2.5455132345086895e-05, 2.5455132458773733e-05, 2.5455132345086895e-05, 2.545513257246057e-05, 2.5455132345086895e-05, 2.5455132345086895e-05, 2.5455132345086895e-05, 2.5455132345086895e-05, 2.5455132345086895e-05, 2.5455132345086895e-05, 2.5455132345086895e-05, 2.5455132345086895e-05, 2.5455132345086895e-05, 118.43836006957031, 2.5455132345086895e-05, 2.5455132345086895e-05, 118.43836006957031, 2.5455132345086895e-05, 2.5455132345086895e-05, 2.5455132345086895e-05]}, "Griewank": {"PSO": [2.8996634726663473e-07, 1.7977032085170208e-09, 8.341157754498951e-07, 0.004724688737903993, 1.0520687620640956e-05, 1.403860591775441e-06, 0.007396374020110841, 0.007396063510820228, 0.007396266461599521, 2.353195896365179e-06, 4.263463679099466e-06, 0.00739610308426486, 0.00739619513213019, 3.167366274814398e-07, 2.1575943434548606e-05, 0.007396075691750492, 0.001320070846038246, 0.0019464078210795766, 4.205837855764116e-08, 0.0016869877176567405, 0.007408061091648377, 0.007398055030372719, 0.00040479252493019757, 0.007396059425464507, 2.7620676042672265e-05, 6.680747810183796e-06, 6.8798229394539945e-06, 0.0001515719729502374, 1.8254449407617557e-07, 1.8454471772955117e-07, 6.597949542275217e-08, 0.007396110108391252, 6.885838697012758e-07, 0.0073979275917318565, 6.923804927960742e-05, 2.2772594853170958e-06, 1.36108505244259e-07, 0.007496666871895652, 0.007396483622419958, 3.080540567079737e-08, 1.0802697336664835e-07, 1.637901411166709e-07, 0.007397939243637186, 0.0001438788310854644, 1.4419197391646321e-08, 0.0008180738648967401, 1.2131590765629419e-05, 4.837323275275196e-08, 2.1082129952887385e-07, 1.67877218769652e-05], "GA": [0.0, 0.0, 0.04964793648480126, 0.04680653966512027, 0.0006746173882459239, 0.0, 0.00039952559919420594, 0.0, 0.0, 0.030377127136100968, 0.0, 0.0, 0.04642387320365804, 0.007396114821262012, 0.019172620998610612, 0.0, 0.25483638978660883, 0.0, 0.007481275227228967, 0.0023316837940909885, 0.05917833211034296, 0.007410802327052601, 0.0, 0.0, 1.7734955207737713e-06, 0.06176335649854803, 0.0, 0.04512990055111932, 0.0, 0.0, 0.0, 0.026617492616013205, 0.0, 0.0, 0.0491040705391681, 0.0, 0.25289137499903336, 0.0, 0.13012980603519342, 0.021513963928727065, 0.0, 0.02984628840106396, 0.0, 0.0914440174708796, 0.1088192103323753, 0.0, 0.0, 0.0, 1.20049751695106e-07, 0.032486166889062695], "BBPSO": [0.007396040334115672, 0.007396040334117671, 1.1657341758564144e-14, 2.262634524186069e-13, 0.007396040524777381, 0.007396040334115006, 0.007396040334115117, 0.009864672061006163, 0.007396040334115006, 0.009864672061006163, 0.007396040334115117, 2.502442697505103e-13, 0.019719489248184785, 0.007396040334115006, 0.007396040334115006, 0.007396040334115006, 0.007396040334115006, 0.009864672061006163, 0.007396040334115006, 6.661338147750939e-16, 0.007396040334115117, 0.0073960403341372105, 0.0468350185878742, 3.552713678800501e-15, 0.007396040334115117, 0.007396040334115117, 0.007396040334115006, 0.007396040334115006, 0.0, 0.00739604033413821, 1.1102230246251565e-16, 0.0, 0.007396040334115006, 0.007396040334115006, 0.007396040334115006, 0.007396040334116005, 0.007396040334115117, 0.007396040334119114, 0.009864672061010604, 0.007396040334115006, 0.0, 0.007396040334115228, 0.007396040334115006, 0.007396040334115228, 0.007396040334115006, 0.007396040334115006, 0.007396040334115117, 0.007396040334115006, 0.007396040334115006, 0.009864672061006163]},