{"Rastrigin": {"PSO": [1.3470424420347626e-07, 6.057408228343775e-07, 0.0032860813462960436, 2.0134045541908563e-08, 1.4196120190490547e-07, 1.3565130743131704e-06, 0.00029298034753821867, 2.1871374400461718e-07, 2.8542650909457734e-08, 5.09743877330493e-07, 4.773996584361839e-05, 0.004194168357742001, 7.604403394267933e-05, 0.00033503257765232775, 3.505633259237584e-07, 4.523358398955679e-08, 9.867575556654629e-08, 6.70956055159877e-08, 6.622228383434958e-07, 1.292822986442843e-07, 0.00033456168888079674, 5.5278803756664274e-09, 8.4517482434876e-07, 4.4790574449393716e-07, 1.4613391385864816e-08, 1.5288430013526977e-05, 7.872260709973489e-08, 1.4764893414564995e-06, 1.4200132625319384e-08, 5.589895479829465e-07, 8.625215741631109e-08, 1.6367216204571378e-07, 2.4678286081325496e-09, 7.68342570012237e-07, 6.247288339977786e-07, 8.467516110499673e-08, 8.822855335210988e-07, 4.1500068803657086e-07, 1.0964871108853913e-06, 1.2566914335820911e-06, 2.8871497192994866e-08, 6.190439094666544e-07, 4.509550812770158e-07, 5.384152075293969e-07, 3.422210355097377e-07, 0.00020000990220836457, 9.77184413386567e-08, 1.0629651967519749e-06, 2.2126077826811752e-05, 2.0344504747527026e-07], "GA": [0.0, 0.0, 0.0, 0.0, 0.0, 0.0, 3.8889544148953377, 0.0, 0.0, 0.0, 0.0, 0.0, 0.0, 0.0, 0.0, 0.0, 0.0, 0.0, 0.0, 0.0, 0.0, 0.0, 0.049770867058015256, 0.0, 0.0, 0.0, 0.0, 0.0, 0.0, 0.0, 0.0, 0.0, 5.03451455339653, 0.0, 0.0, 0.0, 1.0505239259146535, 0.0, 0.04286963276540234, 0.0, 0.0, 0.0, 0.0, 0.0, 0.0, 0.0, 0.0, 0.0, 0.0, 1.0037263084002959], "BBPSO": [0.0, 1.4210854715202004e-14, 2.4158453015843406e-13, 7.105427357601002e-15, 1.765698698363849e-12, 0.9949590570935136, 0.9949590570933005, 0.0, 1.2718714970105793e-12, 1.7053025658242404e-13, 0.9949590571001607, 0.9949590570932898, 0.9949590570932969, 0.9949590570940643, 1.4921397450962104e-13, 9.237055564881302e-14, 1.4210854715202004e-14, 1.9895196601282805e-13, 1.0658141036401503e-13, 0.0, 7.105427357601002e-15, 1.4210854715202004e-14, 4.618527782440651e-13, 6.316724920907291e-12, 1.3500311979441904e-13, 0.994959057093304, 0.994959057093304, 7.105427357601002e-15, 0.9949590570933644, 1.6054713114499464e-11, 0.9949590570932898, 0.9949590570933395, 1.4210854715202004e-14, 0.9949590570933466, 9.947598300641403e-14, 1.9899181141865938, 0.0, 3.197442310920451e-14, 0.9949590570938653, 6.359357485052897e-12, 1.4210854715202004e-13, 5.3290705182007514e-14, 0.9949590570938582, 1.4210854715202004e-13, 5.3290705182007514e-14, 1.3500311979441904e-12, 6.583533718185208e-11, 9.237055564881302e-14, 6.387779194483301e-12, 9.592326932761353e-14]}, "Schwefel": {"PSO": [236.87670867184067, 118.43837280023126, 118.4383728303867, 3.819674338956247e-05, 118.4383728019202, 3.8692576708854176e-05, 238.39376692431426, 3.8245239011303056e-05, 236.87671540205952, 3.8192707052076e-05, 3.8184998174983775e-05, 3.818853565462632e-05, 118.43837292200487, 3.818385289378057e-05, 118.43840841202382, 3.819769995061506e-05, 118.43837282623645, 3.818819504886051e-05, 3.8214499454625184e-05, 3.8375856092898175e-05, 118.438372964378, 355.31504209004856, 118.43837282147001, 236.87670741681143, 118.43837287665337, 118.43837313366294, 236.8767076015415, 3.820267625087581e-05, 3.81850609301182e-05, 118.43837284412393, 3.8189130691534956e-05, 3.820693564193789e-05, 3.819873427346465e-05, 3.823792962975858e-05, 236.87670741439206, 3.825439353022375e-05, 4.1968339019149425e-05, 4.546632226265501e-05, 118.4383728304133, 118.43837301559506, 3.8187376276255236e-05, 118.43837279962236, 118.43843355100648, 238.3937669237564, 0.0022915589845524664, 3.8221802014959394e-05, 3.818624873019871e-05, 3.819618450506823e-05, 3.819340167865448e-05, 118.43837283407879], "GA": [8.674660016189591, 85.16753738890793, 367.53191982438125, 129.31656941891993, 399.1550319060452, 399.77784986823315, 332.4669365169764, 287.07406698377497, 245.1801405698177, 348.4202333024691, 475.16997903580955, 393.7378717844547, 488.4044367942204, 314.18809220224125, 367.93253517261064, 228.11025686483754, 46.083111652104435, 431.80579492152526, 27.601475301092705, 312.24497751121737, 376.68764397357654, 300.04425498483783, 153.29217803754, 21.362547437659714, 341.12680639816654, 475.2298170075542, 399.2796223249371, 276.25904114895854, 290.5929147963552, 349.8349838026186, 303.3384565640763, 525.5636290147426, 345.29263213590593, 292.0001683097789, 394.9747856679437, 0.6807561655364225, 166.4558908983131, 297.55583733603316, 252.91716177435694, 489.0461645713684, 328.74877113484536, 171.46280617922525, 490.1911315030761, 257.76138411251145, 92.67192825360826, 50.69111944204133, 306.1520156753678, 187.8811826623778, 384.44235743276306, 119.44847554142643], "BBPSO": [3.818269874500402e-05, 118.43837279713671, 118.43837279713671, 118.43837279713671, 3.818269874500402e-05, 118.43837279713739, 118.43837279713671, 118.43837279713671, 3.818269897237769e-05, 118.43837279713671, 3.818269897237769e-05, 118.43837279713671, 3.818269897237769e-05, 3.818269874500402e-05, 118.43837279713671, 118.43837279713671, 3.818269897237769e-05, 3.818269874500402e-05, 3.818270010924607e-05, 3.818269874500402e-05, 3.818269874500402e-05, 3.818269874500402e-05, 3.818269851763034e-05, 118.43837279713648, 3.818269897237769e-05, 3.818269874500402e-05, 118.43837279713671, 3.818269874500402e-05, 3.8182699881872395e-05, 118.43837279713671, 3.818269874500402e-05, 3.818269897237769e-05, 3.818269851763034e-05, 3.818269874500402e-05, 3.818269874500402e-05, 3.818269919975137e-05, 3.818269874500402e-05, 118.43837279713648, 3.818269874500402e-05, 3.818269965449872e-05, 3.818269874500402e-05, 3.81827017008618e-05, 118.43837279713648, 3.818269874500402e-05, 3.818269851763034e-05, 3.818269874500402e-05, 3.818269874500402e-05, 118.43837279713671, 3.818269874500402e-05, 3.8182699427125044e-05]}, "Griewank": {"PSO": [0.024108528777358917, 0.0074536134161180545, 0.028047729191741033, 0.0014327378436859162, 0.0168814726819283, 0.014559245291475564, 0.011490842486860386, 0.01280308503965566, 0.04711911424954429, 0.014283774812504535, 0.010007818379259348, 0.012322189729552124, 0.00988197253408929, 0.010095046684873155, 0.04937869806585271, 0.009903497947613582, 0.010491574542172533, 0.009878005627879327, 0.02268207138386158, 0.012569890241216797, 0.001042459742200963, 0.02281452117882843, 0.023041619707717675, 0.010903158744368646, 0.012467243145283469, 0.014541190207575716, 0.010149517319510526, 0.013882108010060845, 0.005483793004335102, 0.015394098766327358, 0.008641036193685392, 0.03698786012586652, 0.029577914904214242, 0.0016620759701992949, 0.030304416293944092, 0.013202607861921956, 0.007452877920974377, 0.012688592297754209, 0.06429637305496028, 0.04590760329943966, 0.022206443555688904, 0.010437472411914173, 0.012522115141240242, 0.029349165401889477, 0.012897198712688795, 0.023669996315105357, 0.010059951219555607, 0.023355104835340867, 0.016678727680223826, 0.007868296425956656], "GA": [0.0, 0.0, 0.19740923349645778, 0.0, 1.1356214284421868, 0.0, 0.021604339492957925, 0.1318867047633827, 8.133709957702795e-05, 0.0, 0.24885425846727083, 0.07175528381877783, 0.0, 0.1831680772337262, 0.0, 0.0, 0.0, 0.0, 0.0, 0.05257104760700648, 1.4448872222930031, 0.0, 0.08875169185824605, 2.289901601670863e-11, 0.07377127775189507, 2.5091040356528538e-14, 0.0, 0.0, 0.0, 0.13635989431802797, 0.0, 0.2836239827614714, 0.06654540104997275, 0.22823910998619945, 0.1574605744420694, 0.0, 0.0, 0.2844679118257729, 0.0, 0.0, 0.0961628304957729, 0.11535005843065382, 0.0, 0.0, 0.04144866402922187, 0.0, 0.0, 0.6261345930763266, 0.0, 0.0],