{"Rastrigin": {"PSO": [182.64693996998972, 207.5640881744033, 191.11077861419852, 111.7600210607894, 177.15364908402546, 147.90648297986732, 181.81651689956317, 161.93235997574695, 166.71249846940933, 224.04785762139903, 156.07264742783934, 202.54533643933854, 212.32669442399924, 173.95295278543344, 189.5980135580816, 168.55691622293952, 155.99513704893454, 138.74940256280564, 96.0452075104015, 210.25436095051714, 226.79648889448464, 148.5635186465519, 133.42434780242468, 185.1985563014172, 206.93192027044276, 175.46835064395844, 186.38916806596427, 219.15123123229154, 162.07475784547043, 188.0664896491183, 227.78087526619726, 137.20475798786117, 174.63899461435128, 205.2364427916059, 189.74208072390837, 242.9562032138615, 195.7457303815333, 215.66279271505135, 129.49640732630834, 186.15912614209083, 167.74046970875582, 97.2493385151416, 216.08249834740252, 212.87020975011615, 139.27905195343143, 250.73991566257894, 173.90440226077794, 179.4800111504406, 253.1200968058664, 187.20887632249176], "GA": [0.0, 0.0, 0.0, 0.0, 0.0, 0.0, 0.0, 0.0, 0.0, 0.0, 0.0, 0.0, 0.0, 0.0, 0.0, 0.0, 0.0, 0.0, 0.0, 0.0, 0.0, 0.0, 0.0, 0.0, 0.0, 0.0, 0.0, 0.0, 0.0, 0.0, 189.0188551937797, 0.0, 0.0, 0.0, 0.0, 0.0, 0.0, 0.0, 0.0, 0.0, 0.0, 0.0, 0.0, 0.0, 0.0, 0.0, 0.0, 0.0, 0.0, 0.0], "BBPSO": [195.5551994619421, 182.9881194607613, 169.99204441148785, 169.95266807814625, 180.34668778779462, 142.31352559006748, 177.37307308617085, 199.8617689091583, 201.77607271234248, 208.94183666314837, 204.86653980116745, 86.93591184856467, 152.1044749738173, 146.7641861919014, 135.5462068380511, 198.6878301323391, 221.56373265652365, 202.2381681911511, 165.15176385207144, 164.55452356861693, 162.41873778738716, 128.93840493355393, 190.2643275873604, 170.78911064221614, 175.1595945200304, 233.63387131686045, 141.85141651607495, 164.90739445105538, 146.55199887338273, 201.99779192995226, 232.88819750320752, 208.11307534604333, 180.82903204324958, 129.9136356968054, 137.49242332485912, 239.55430718296245, 191.72442484660536, 201.03741833477187, 176.33923380822458, 169.43466167407058, 147.477675130353, 193.90440176856103, 189.26099059029585, 130.48612991850234, 153.10644127707906, 144.38091355399345, 151.50942261884845, 141.30731757209776, 179.14777269932821, 167.84724996432965]}, "Schwefel": {"PSO": [4498.177905538047, 2880.848752618249, 3806.291919026984, 3475.7382154514507, 4024.8259294418785, 3926.869496302703, 2887.9912415406598, 2583.0044908206946, 3064.113188314841, 4412.663767713417, 4433.711824230288, 5228.225952232839, 3886.5921039651475, 2415.9426696557257, 2937.6061393223536, 3607.2136150148744, 3039.568421507247, 4416.081383538754, 4578.128249809027, 3217.0073883382793, 3579.9628063825894, 2505.4980661862883, 3821.1950413739887, 3410.9666324587033, 3426.6140120095843, 2377.433947577907, 3821.4388872076215, 2947.5211770359692, 3316.1569123762965, 2641.666550491611, 2858.017242309559, 3359.650933841647, 3844.7468210431143, 2916.134137035784, 3489.6775544700304, 4891.587564390486, 3812.1207604181654, 2472.87762715188, 4053.519083761388, 3236.787778257818, 1707.2545810168758, 4013.4442596745066, 2064.5555138751133, 2092.1758576879693, 3221.9524437058117, 2414.6040066434052, 2704.2973886796353, 3036.4706337818716, 3592.287424667984, 3148.1174399079173], "GA": [9393.418949748804, 9473.82919957583, 9075.848593464547, 9057.617433575604, 8995.980913373223, 7337.953376579771, 9155.534261869196, 9509.46799980395, 8218.205612047645, 8823.814288890313, 9370.14904522839, 9532.857759701743, 8829.152031669875, 7945.971385225204, 9081.192496563472, 9028.845173781898, 8714.042691977367, 7870.788287779586, 9220.082911976373, 8596.71503588573, 9476.850568512371, 8313.270843228594, 9216.902515678981, 9162.391273623385, 7841.471220487109, 9294.499161930595, 10144.397881187877, 8927.612308414231, 8186.5401971584015, 9677.090250097803, 7663.815429017275, 9680.315732640509, 8113.828856104475, 9379.252527814795, 9256.67669503266, 8196.840346110377, 8515.766128117064, 9383.755468849518, 8978.32321565189, 9611.908207764165, 8612.264100026054, 9718.87792387001, 9673.39786933638, 9307.064533105728, 9576.392911192685, 9674.041458396494, 9174.736199650852, 9488.08030913474, 9485.016810411193, 8877.823771231702], "BBPSO": [2512.1036729115876, 4039.013442815114, 3638.9307303337446, 3162.7641345696084, 4045.808965231714, 3191.0938033127677, 2650.4923458655667, 3260.6548030920603, 3107.674924114939, 3508.379818421019, 3597.0514222341644, 4046.344290327079, 3726.620085049479, 4560.787016245, 4018.75369556877, 3323.2062419594713, 3077.1411564384034, 4111.700378775444, 4442.528731765595, 3143.841276539626, 2937.0697684979914, 3839.8338880958163, 3982.354504199353, 3421.388198712566, 3160.0978914047664, 2579.015323774476, 3556.2416691261897, 3227.8476810066113, 3931.9885917055126, 3301.648382312693, 2943.7006944773893, 4178.610470985106, 3285.155536549444, 3356.696158281815, 3179.319145751353, 3485.2751286701587, 3846.821401381061, 3579.4561411600807, 3098.8876932586372, 3977.2493739200418, 3632.6563791504104, 3607.2131492395583, 3878.5566113949626, 4488.511343621347, 2469.3623378547745, 3060.1800861395623, 2925.3080184288465, 3492.8227523975693, 3018.6751102417, 3022.6696061709918]}, "Griewank": {"PSO": [1.390817686899016, 1.8333526310250292, 2.4388573991419733, 91.35638830538053, 1.5342486235155004, 91.16751658374717, 1.3258133090043516, 1.7057327076217468, 91.62304036092412, 1.386668453869085, 91.16000963741452, 1.5428610785812924, 1.5425556522086503, 4.1393238994912345, 1.4529336030993192, 2.074750080065166, 91.5063806512805, 1.282275067993122, 1.4739464502443058, 1.782337025705969, 2.358671092018748, 91.30362667324879, 2.16120179584872, 91.47279531448476, 1.4922542376512984, 1.232497963261161, 91.90441246858862, 1.9468844873193185, 1.3301299981611374, 1.3405594044372235, 1.5555627570095116, 2.4237454521981032, 1.6148400491790833, 2.3471519987848044, 1.2791932322083759, 1.6067921083479768, 91.58936760296531, 1.9894764862961005, 1.3394022550751257, 1.3461361958580136, 2.187998591009057, 2.2319994892289143, 1.7228989240406518, 91.5141806208607, 91.16382896192758, 91.54509637237426, 91.44866354655092, 91.4204568326793, 1.5015826382986792, 1.8727312837133012], "GA": [93.18898438764197, 8.194074604202331, 74.50009552241539, 18.812219304398283, 51.42317672917107, 1.8054020114903933, 0.0, 0.18702659958678747, 1.4488406452350944e-07, 34.73757692024202, 0.0, 3.541987063964655, 4.7834618512949945, 51.5129214670069, 15.449490415419271, 73.09731805805615, 0.0, 7.999765419202091, 53.63926041349272, 64.29309981149359, 0.0, 4.344698422625495, 0.0, 18.086139898712165, 24.83531901446583, 3.9408915067015164, 30.765253187222292, 16.647837342281314, 70.66179073628271, 7.794279153689228, 6.156327466594533, 0.0, 0.0, 15.508429221018973, 1.035112418655383, 1.2347973314096476, 0.0, 53.63259553092242, 25.814044100872184, 51.1122575143328, 22.520699210742286, 39.734418230639825, 51.21297956833669, 28.294443668537113, 48.189863989846714, 0.0, 72.20188539751297, 38.08577974507793, 6.368511277176013, 50.45017334768664],